from_station_id,from_station_name,to_station_id,to_station_name,train_count,sample_trains
1001,上海,1003,上海虹桥,3,"G7317,G7319,G7359"
1001,上海,1004,南京,1,Z196
1001,上海,1005,南京南,5,"D952,G12,G130,G18,G7252"
1001,上海,1006,南通,4,"C3802,C3806,C3810,C3818"
1001,上海,1007,南通西,9,"C3852,C3856,C3860,C3864,C3868..."
1001,上海,1009,常州,2,"G7060,G7232"
1001,上海,1010,常州北,1,G7256
1001,上海,1014,盐城,1,G8292
1001,上海,1015,苏州,112,"1228,1462,D306,D310,D710..."
1001,上海,1016,苏州北,8,"G222,G416,G442,G6,G7290..."
1001,上海,1028,金华,1,Z99
1002,上海南,1003,上海虹桥,4,"D3022,D3060,D3068,D3072"
1002,上海南,1015,苏州,11,"K1092,K1512,K1806,K336,K470..."
1002,上海南,1022,杭州,17,"D5401,D5403,D5405,D5407,D5409..."
1002,上海南,1023,杭州东,8,"D5483,D5485,D771,K1185,K1373..."
1002,上海南,1024,杭州南,26,"K111,K123,K1371,K1511,K287..."
1003,上海虹桥,1001,上海,3,"G7318,G7358,G7360"
1003,上海虹桥,1002,上海南,2,"D3070,D3074"
1003,上海虹桥,1004,南京,1,D706
1003,上海虹桥,1005,南京南,26,"G10,G104,G114,G1214,G124..."
1003,上海虹桥,1006,南通,8,"C3706,C3714,C3718,C3722,C3730..."
1003,上海虹桥,1007,南通西,17,"C3772,C3792,C3796,C3798,D2206..."
1003,上海虹桥,1009,常州,3,"D636,G7118,G9232"
1003,上海虹桥,1010,常州北,16,"G120,G1236,G150,G160,G170..."
1003,上海虹桥,1012,徐州东,1,C3752
1003,上海虹桥,1015,苏州,55,"D2212,D2282,D3006,D3010,D3014..."
1003,上海虹桥,1016,苏州北,66,"G106,G110,G112,G116,G1204..."
1003,上海虹桥,1020,嘉兴南,108,"D2281,D2283,D2285,D2287,D3062..."
1003,上海虹桥,1022,杭州,2,"D781,G7391"
1003,上海虹桥,1023,杭州东,40,"D3101,D3103,D5458,D5464,D918..."
1004,南京,1001,上海,5,"C3870,D705,G7031,K284,Z198"
1004,南京,1006,南通,10,"C3764,C3768,C3784,C3788,D5424..."
1004,南京,1007,南通西,8,"C3774,C3778,C3854,C3858,C3862..."
1004,南京,1009,常州,88,"1230,1461,D2281,D308,D312..."
1004,南京,1011,徐州,8,"D306,D310,D782,K102,K1512..."
1004,南京,1012,徐州东,1,C3695
1004,南京,1014,盐城,5,"C3665,C3669,T7772,T7776,T7782"
1004,南京,1015,苏州,16,"D701,D781,G7039,G7041,G7057..."
1004,南京,1017,连云港,3,"C3657,C3661,C3673"
1004,南京,1022,杭州,1,D717
1004,南京,1037,芜湖,14,"K101,K1156,K1191,K1328,K136..."
1004,南京,1038,蚌埠,47,"1228,1462,K1048,K1092,K1102..."
1005,南京南,1001,上海,6,"G15,G236,G415,G5,G7262..."
1005,南京南,1003,上海虹桥,20,"G1,G105,G11,G111,G115..."
1005,南京南,1009,常州,54,"D2214,D3008,D3016,D3024,D3044..."
1005,南京南,1010,常州北,63,"G1202,G1212,G1226,G1234,G125..."
1005,南京南,1012,徐州东,44,"G106,G110,G112,G120,G1204..."
1005,南京南,1014,盐城,1,C3883
1005,南京南,1015,苏州,5,"D3012,D3074,G7043,G7178,G7246"
1005,南京南,1016,苏州北,30,"G101,G107,G113,G117,G121..."
1005,南京南,1017,连云港,4,"C3833,C3837,C3841,C3887"
1005,南京南,1022,杭州,8,"D2190,D2194,G1872,G1892,G284..."
1005,南京南,1023,杭州东,77,"D2198,D2293,D3235,D3239,D3295..."
1005,南京南,1030,合肥,32,"G1764,G1826,G1952,G1956,G2808..."
1005,南京南,1031,合肥南,63,"D2188,D2192,D2196,D2212,D2222..."
1005,南京南,1037,芜湖,40,"D5601,D5603,D5605,D5607,D5609..."
1005,南京南,1039,蚌埠南,67,"G104,G114,G116,G1214,G122..."
1006,南通,1001,上海,3,"C3804,C3808,C3816"
1006,南通,1003,上海虹桥,9,"C3704,C3720,C3724,C3728,C3732..."
1006,南通,1004,南京,10,"C3762,C3766,C3782,C3786,D5422..."
1006,南通,1007,南通西,1,G1304
1006,南通,1008,启东,8,"D5424,D5428,D5432,D5436,D5440..."
1006,南通,1014,盐城,5,"K1142,K564,K8600,Z140,Z52"
1006,南通,1031,合肥南,3,"D2268,D3152,D3156"
1006,南通,1038,蚌埠,3,"K1984,K62,K94"
1007,南通西,1001,上海,10,"C3854,C3858,C3862,C3866,C3891..."
1007,南通西,1003,上海虹桥,17,"C3751,C3774,C3778,C3791,C3795..."
1007,南通西,1004,南京,9,"C3772,C3852,C3856,C3860,C3864..."
1007,南通西,1006,南通,1,G1302
1007,南通西,1014,盐城,5,"G8312,G8314,G8316,G8318,G8330"
1007,南通西,1030,合肥,1,D5562
1007,南通西,1031,合肥南,3,"D2206,D3064,D3090"
1008,启东,1006,南通,8,"D5422,D5426,D5430,D5434,D5438..."
1009,常州,1001,上海,2,"D709,G7063"
1009,常州,1003,上海虹桥,2,"G7571,G7728"
1009,常州,1004,南京,96,"1228,1462,D2282,D306,D310..."
1009,常州,1005,南京南,51,"D2212,D3006,D3010,D3014,D3022..."
1009,常州,1012,徐州东,3,"G8272,G8274,G8278"
1009,常州,1015,苏州,154,"1230,1461,D2214,D2281,D3008..."
1009,常州,1017,连云港,7,"D9508,G7390,G7586,G8262,G8264..."
1010,常州北,1001,上海,1,G7298
1010,常州北,1003,上海虹桥,13,"G125,G1251,G127,G143,G153..."
1010,常州北,1005,南京南,64,"G110,G112,G116,G120,G1204..."
1010,常州北,1016,苏州北,51,"G1202,G1212,G1226,G1234,G129..."
1011,徐州,1004,南京,8,"D308,D312,D781,K233,K359..."
1011,徐州,1013,新沂,21,"1148,1551,K1068,K1160,K1352..."
1011,徐州,1014,盐城,5,"K1144,T215,Z139,Z158,Z51"
1011,徐州,1017,连云港,1,D782
1011,徐州,1038,蚌埠,46,"1230,1461,K101,K1091,K1101..."
1011,徐州,1042,阜阳,9,"K1052,K1066,K1196,K1626,K304..."
1012,徐州东,1004,南京,1,C3693
1012,徐州东,1005,南京南,46,"G105,G107,G113,G121,G1222..."
1012,徐州东,1007,南通西,1,C3751
1012,徐州东,1009,常州,2,"G8271,G8273"
1012,徐州东,1014,盐城,12,"D5667,D5669,D5671,D5673,D5675..."
1012,徐州东,1015,苏州,1,G8277
1012,徐州东,1017,连云港,8,"D5681,D5685,D5689,G1836,G1852..."
1012,徐州东,1031,合肥南,1,G43
1012,徐州东,1035,淮南东,3,"G248,G263,G323"
1012,徐州东,1039,蚌埠南,67,"G119,G1202,G1212,G1230,G1251..."
1013,新沂,1011,徐州,19,"1150,1552,K1066,K1162,K1598..."
1013,新沂,1014,盐城,4,"K246,K420,K566,K8599"
1013,新沂,1017,连云港,13,"1148,1551,K1352,K1613,K1624..."
1014,盐城,1004,南京,6,"C3666,C3670,C3678,T7771,T7775..."
1014,盐城,1006,南通,5,"K1144,K566,K8599,Z139,Z51"
1014,盐城,1007,南通西,6,"G8291,G8311,G8313,G8315,G8317..."
1014,盐城,1011,徐州,5,"K1142,T217,Z140,Z157,Z52"
1014,盐城,1012,徐州东,12,"D5668,D5670,D5672,D5674,D5676..."
1014,盐城,1013,新沂,4,"K245,K419,K564,K8600"
1014,盐城,1017,连云港,8,"G2060,G2632,G482,G8292,G8312..."
1015,苏州,1001,上海,111,"1230,1461,D308,D312,D9507..."
1015,苏州,1002,上海南,11,"K1091,K1511,K1805,K335,K469..."
1015,苏州,1003,上海虹桥,56,"D2214,D2281,D3008,D3012,D3016..."
1015,苏州,1004,南京,12,"D710,G7036,G7046,G7050,G7108..."
1015,苏州,1005,南京南,9,"G7132,G7136,G7144,G7148,G7168..."
1015,苏州,1009,常州,158,"1228,1462,D2212,D2282,D3006..."
1015,苏州,1022,杭州,3,"T114,Z178,Z88"
1016,苏州北,1001,上海,5,"G129,G441,G7275,G7294,G7299"
1016,苏州北,1003,上海虹桥,76,"G101,G107,G113,G117,G1202..."
1016,苏州北,1005,南京南,25,"G106,G122,G1232,G1258,G146..."
1016,苏州北,1010,常州北,49,"G110,G112,G116,G1204,G1228..."
1017,连云港,1004,南京,3,"C3651,C3659,C3671"
1017,连云港,1005,南京南,4,"C3831,C3835,C3839,C3885"
1017,连云港,1009,常州,7,"D9507,G7583,G7585,G8261,G8263..."
1017,连云港,1011,徐州,1,D781
1017,连云港,1012,徐州东,8,"D5683,D5687,D5691,G1838,G1851..."
1017,连云港,1013,新沂,11,"1150,1552,K1614,K1626,K304..."
1017,连云港,1014,盐城,8,"G2059,G2630,G481,G8291,G8311..."
1017,连云港,1018,连云港东,12,"1148,1551,K1352,K1624,K612..."
1018,连云港东,1017,连云港,11,"1150,1552,K1614,K1626,K304..."
1019,丽水,1023,杭州东,10,"D3236,G1966,G7326,G7336,G7342..."
1019,丽水,1025,温州,8,"K1052,K1240,K1258,K306,K326..."
1019,丽水,1026,温州南,46,"D3211,D3235,G1226,G1460,G163..."
1019,丽水,1028,金华,4,"G2306,K1586,K1670,K944"
1019,丽水,1029,金华南,47,"D3212,G1228,G1458,G164,G1732..."
1020,嘉兴南,1003,上海虹桥,97,"D2212,D2284,D2286,D3102,D3104..."
1020,嘉兴南,1022,杭州,5,"G7351,G7355,G7359,G7395,G7631"
1020,嘉兴南,1023,杭州东,101,"D2281,D2283,D2285,D2287,D3107..."
1021,宁波,1022,杭州,8,"K1040,K1220,K1438,K166,K212..."
1021,宁波,1023,杭州东,86,"D2196,D2282,D2284,D2286,D2288..."
1021,宁波,1024,杭州南,13,"D382,G1416,G1432,G2332,G2346..."
1021,宁波,1026,温州南,65,"D2281,D2283,D2285,D2287,D2293..."
1021,宁波,1028,金华,4,"K1078,K422,K848,Z290"
1022,杭州,1002,上海南,17,"D5402,D5404,D5406,D5408,D5410..."
1022,杭州,1003,上海虹桥,2,"D782,G7357"
1022,杭州,1004,南京,1,D718
1022,杭州,1005,南京南,9,"D2188,D2192,G1870,G1890,G254..."
1022,杭州,1015,苏州,3,"T112,Z176,Z86"
1022,杭州,1020,嘉兴南,6,"G7353,G7358,G7360,G7393,G7397..."
1022,杭州,1021,宁波,8,"K1042,K1218,K1440,K168,K210..."
1022,杭州,1028,金华,8,"D5491,D5495,K1091,K1127,K212..."
1022,杭州,1029,金华南,8,"K101,K1052,K1240,K1398,K2908..."
1022,杭州,1033,宣城,25,"G7631,K102,K1040,K1050,K1107..."
1022,杭州,1037,芜湖,1,K606
1023,杭州东,1002,上海南,10,"D5484,D5486,D772,K112,K1374..."
1023,杭州东,1003,上海虹桥,51,"D2282,D2288,D382,D5456,D5462..."
1023,杭州东,1005,南京南,77,"D2196,D2222,D2294,D3236,D3240..."
1023,杭州东,1019,丽水,15,"G7321,G7323,G7325,G7335,G7337..."
1023,杭州东,1020,嘉兴南,88,"D2284,D2286,D3102,D3104,D3108..."
1023,杭州东,1021,宁波,90,"D2198,D2281,D2283,D2285,D2287..."
1023,杭州东,1024,杭州南,18,"D3135,D377,D5458,D5464,D5483..."
1023,杭州东,1027,衢州,7,"G1363,G1387,G1451,G1635,G1639..."
1023,杭州东,1028,金华,56,"D5485,G1304,G1321,G1329,G1331..."
1023,杭州东,1029,金华南,21,"D3211,D3235,G1226,G163,G1734..."
1023,杭州东,1033,宣城,30,"D2262,D656,G1392,G1790,G1794..."
1023,杭州东,1037,芜湖,3,"G1962,G3118,G7724"
1023,杭州东,1045,黄山北,25,"D3323,D3397,D5577,D5579,D5581..."
1024,杭州南,1002,上海南,24,"K1187,K124,K1372,K1512,K288..."
1024,杭州南,1019,丽水,2,"G7465,G7643"
1024,杭州南,1021,宁波,12,"D3135,D377,G1418,G1434,G2334..."
1024,杭州南,1023,杭州东,17,"D382,D5456,D5462,D5486,D772..."
1024,杭州南,1028,金华,36,"D5483,D771,G1416,G1432,G1633..."
1024,杭州南,1029,金华南,1,G7498
1024,杭州南,1037,芜湖,1,K8564
1024,杭州南,1045,黄山北,4,"G2385,G2395,G7482,G7496"
1025,温州,1019,丽水,12,"K102,K1238,K1256,K1396,K1586..."
1025,温州,1029,金华南,1,K1050
1026,温州南,1019,丽水,47,"D3212,D3236,G1228,G1458,G164..."
1026,温州南,1021,宁波,64,"D2282,D2284,D2286,D2288,D2294..."
1026,温州南,1029,金华南,1,G2316
1027,衢州,1023,杭州东,6,"G1342,G1346,G1378,G1496,G1581..."
1027,衢州,1028,金华,79,"D5484,D5486,D5492,D5496,D772..."
1027,衢州,1029,金华南,1,G2358
1028,金华,1001,上海,1,Z100
1028,金华,1019,丽水,2,"K1258,K326"
1028,金华,1021,宁波,5,"K1077,K424,K846,Z288,Z31"
1028,金华,1022,杭州,8,"D5492,D5496,K1092,K1128,K210..."
1028,金华,1023,杭州东,64,"D5484,G100,G1302,G1306,G1322..."
1028,金华,1024,杭州南,33,"D5486,D772,G1418,G1434,G2334..."
1028,金华,1025,温州,1,K1669
1028,金华,1026,温州南,1,G2344
1028,金华,1027,衢州,79,"D5483,D5485,D5491,D5495,D771..."
1028,金华,1029,金华南,12,"G1460,G1983,G1991,G2035,G2301..."
1029,金华南,1019,丽水,37,"D3211,D3235,G1226,G1460,G163..."
1029,金华南,1022,杭州,8,"K102,K1050,K1238,K1396,K2906..."
1029,金华南,1023,杭州东,28,"D3212,G1228,G164,G1732,G7322..."
1029,金华南,1024,杭州南,2,"G1882,G7496"
1029,金华南,1025,温州,4,"K101,K1398,K1585,K2908"
1029,金华南,1027,衢州,1,G2363
1029,金华南,1028,金华,12,"G1458,G1984,G1992,G2036,G2302..."
1030,合肥,1005,南京南,30,"G1763,G1801,G1954,G1958,G2807..."
1030,合肥,1007,南通西,1,D5591
1030,合肥,1022,杭州,1,K1042
1030,合肥,1034,淮南,16,"K1050,K1072,K1238,K1264,K1396..."
1030,合肥,1035,淮南东,4,"G1742,G1748,G266,G7410"
1030,合肥,1036,淮南南,26,"D5562,G1746,G1764,G1826,G1952..."
1030,合肥,1037,芜湖,26,"K1052,K1108,K1154,K1158,K1240..."
1030,合肥,1038,蚌埠,7,"K492,K675,K8360,K8586,K92..."
1030,合肥,1042,阜阳,5,"K8362,K8564,K892,T326,Z227"
1030,合肥,1043,阜阳西,6,"G2808,G7182,G7186,G7652,G7752..."
1031,合肥南,1005,南京南,65,"D2190,D2194,D2198,D2214,D2256..."
1031,合肥南,1006,南通,3,"D2270,D3154,D3158"
1031,合肥南,1007,南通西,3,"D2208,D3066,D3092"
1031,合肥南,1012,徐州东,2,"G1274,G42"
1031,合肥南,1032,安庆,5,"G8331,G8333,G8335,G8337,G8339"
1031,合肥南,1035,淮南东,12,"G162,G1670,G242,G246,G262..."
1031,合肥南,1036,淮南南,34,"G1602,G1620,G1874,G1878,G1882..."
1031,合肥南,1037,芜湖,36,"D2264,D658,G1184,G1438,G1792..."
1031,合肥南,1039,蚌埠南,5,"G24,G302,G322,G348,G352"
1031,合肥南,1040,铜陵,1,G3158
1031,合肥南,1041,铜陵北,34,"G1272,G1601,G161,G1611,G1619..."
1031,合肥南,1043,阜阳西,2,"G1964,G3118"
1031,合肥南,1045,黄山北,5,"G1669,G265,G27,G329,G345"
1032,安庆,1031,合肥南,5,"G8332,G8334,G8336,G8338,G8340"
1032,安庆,1040,铜陵,34,"D5602,D5604,D5606,D5608,D5622..."
1033,宣城,1022,杭州,23,"G7633,K101,K1052,K1108,K1154..."
1033,宣城,1023,杭州东,28,"D2264,D658,G1391,G1792,G1793..."
1033,宣城,1024,杭州南,1,K8563
1033,宣城,1030,合肥,1,K166
1033,宣城,1037,芜湖,64,"D2262,D656,G1182,G1392,G1436..."
1033,宣城,1040,铜陵,2,"G7402,G7406"
1033,宣城,1044,黄山,1,T151
1034,淮南,1030,合肥,14,"K1052,K1071,K1240,K1398,K1440..."
1034,淮南,1038,蚌埠,3,"K1505,K60,K8365"
1034,淮南,1042,阜阳,19,"K1050,K1072,K1238,K1264,K1396..."
1035,淮南东,1030,合肥,4,"G1741,G1747,G261,G7412"
1035,淮南东,1031,合肥南,12,"G1272,G161,G244,G248,G263..."
1035,淮南东,1039,蚌埠南,16,"G162,G1670,G1742,G1748,G242..."
1036,淮南南,1030,合肥,24,"D5591,G1745,G1763,G1958,G2807..."
1036,淮南南,1031,合肥南,31,"G1601,G1619,G1876,G1880,G1896..."
1036,淮南南,1043,阜阳西,56,"D5562,G1602,G1620,G1764,G1826..."
1037,芜湖,1004,南京,14,"K102,K1158,K1192,K1326,K138..."
1037,芜湖,1005,南京南,40,"D5602,D5604,D5606,D5608,D5610..."
1037,芜湖,1022,杭州,2,"K1240,K390"
1037,芜湖,1023,杭州东,4,"G3117,G7693,G7762,G9501"
1037,芜湖,1030,合肥,26,"K1040,K1050,K1107,K1152,K1156..."
1037,芜湖,1031,合肥南,37,"D2262,D656,G1182,G1436,G1790..."
1037,芜湖,1033,宣城,62,"D2264,D658,G1184,G1391,G1438..."
1037,芜湖,1040,铜陵,27,"D5601,D5603,D5605,D5607,D5609..."
1038,蚌埠,1004,南京,46,"1230,1461,K101,K1047,K1091..."
1038,蚌埠,1006,南通,3,"K1986,K60,K92"
1038,蚌埠,1011,徐州,45,"1228,1462,K1092,K1102,K1150..."
1038,蚌埠,1030,合肥,7,"K491,K677,K8418,K8421,K94..."
1038,蚌埠,1034,淮南,3,"K1506,K62,K8366"
1038,蚌埠,1042,阜阳,3,"K1048,K464,K8482"
1039,蚌埠南,1005,南京南,57,"G119,G1202,G1212,G1230,G1251..."
1039,蚌埠南,1012,徐州东,76,"G104,G114,G116,G1214,G122..."
1039,蚌埠南,1031,合肥南,6,"G1669,G265,G301,G303,G329..."
1039,蚌埠南,1035,淮南东,13,"G1272,G161,G1741,G1747,G244..."
1040,铜陵,1031,合肥南,6,"G3156,G7722,G7778,G7780,G7782..."
1040,铜陵,1032,安庆,34,"D5601,D5603,D5605,D5609,G161..."
1040,铜陵,1033,宣城,2,"G7404,G7408"
1040,铜陵,1037,芜湖,26,"D5602,D5604,D5606,D5608,D5610..."
1040,铜陵,1041,铜陵北,8,"G162,G7424,G7742,G7744,G7772..."
1041,铜陵北,1031,合肥南,30,"G1274,G1602,G1612,G162,G1620..."
1041,铜陵北,1040,铜陵,13,"G161,G7721,G7723,G7741,G7743..."
1041,铜陵北,1045,黄山北,21,"G1272,G1601,G1611,G1619,G1904..."
1042,阜阳,1004,南京,1,K462
1042,阜阳,1011,徐州,9,"K1050,K1068,K1198,K1624,K302..."
1042,阜阳,1030,合肥,6,"K1263,K608,K8361,K8409,T328..."
1042,阜阳,1034,淮南,17,"K1052,K1071,K1240,K1398,K1440..."
1042,阜阳,1038,蚌埠,2,"K1047,K8484"
1043,阜阳西,1030,合肥,7,"G1801,G1954,G3105,G7163,G7185..."
1043,阜阳西,1031,合肥南,6,"G1884,G3117,G3198,G7705,G7721..."
1043,阜阳西,1036,淮南南,51,"D5591,G1601,G1619,G1763,G1876..."
1044,黄山,1033,宣城,1,T152
1045,黄山北,1023,杭州东,27,"D3324,D3398,D5578,D5580,D5582..."
1045,黄山北,1024,杭州南,2,"G7484,G7498"
1045,黄山北,1031,合肥南,5,"G1906,G270,G28,G3142,G7414"
1045,黄山北,1041,铜陵北,22,"G1274,G1602,G1612,G1620,G1670..."
