train_no,train_type
K1258,快速
K1256,快速
K1047,快速
K1558,快速
Z378,直达特快
K292,快速
G7072,高速动车
G7032,高速动车
K359,快速
K8484,快速
D308,动车组
G7076,高速动车
D312,动车组
K8431,快速
G8266,高速动车
K154,快速
G7002,高速动车
1461,普快
G6,高速动车
G222,高速动车
K284,快速
G7034,高速动车
G7213,高速动车
G7203,高速动车
G7029,高速动车
G7080,高速动车
G7358,高速动车
G7211,高速动车
G8268,高速动车
D709,动车组
C3804,城际动车
G7031,高速动车
C3852,城际动车
G7004,高速动车
G7268,高速动车
G7317,高速动车
K8361,快速
G7209,高速动车
G7036,高速动车
Z94,直达特快
G7232,高速动车
G7033,高速动车
C3808,城际动车
G8276,高速动车
K8358,快速
D952,动车组
G7035,高速动车
G7084,高速动车
G7001,高速动车
K290,快速
C3856,城际动车
Z376,直达特快
G7037,高速动车
K1101,快速
G7006,高速动车
K516,快速
K233,快速
G7038,高速动车
G8262,高速动车
G7039,高速动车
G8272,高速动车
D705,动车组
K360,快速
G7274,高速动车
G7043,高速动车
G7319,高速动车
G7003,高速动车
G7040,高速动车
C3854,城际动车
C3860,城际动车
G7008,高速动车
Z198,直达特快
G7042,高速动车
G7262,高速动车
K1556,快速
G7228,高速动车
K462,快速
C3864,城际动车
G7236,高速动车
Z100,直达特快
G7005,高速动车
G7060,高速动车
C3816,城际动车
D9508,动车组
G7289,高速动车
G7240,高速动车
G7258,高速动车
G7010,高速动车
T109,特快
G7294,高速动车
K2186,快速
K234,快速
G130,高速动车
K1156,快速
G7264,高速动车
D9482,动车组
G8263,高速动车
K174,快速
G7282,高速动车
G7045,高速动车
C3891,城际动车
G5,高速动车
K784,快速
G7007,高速动车
K464,快速
Z166,直达特快
G7244,高速动车
Z42,直达特快
G12,高速动车
G7012,高速动车
Z267,直达特快
G7047,高速动车
G7046,高速动车
1462,普快
G7221,高速动车
G415,高速动车
G7299,高速动车
G7048,高速动车
D9486,动车组
G7074,高速动车
K736,快速
G7009,高速动车
G7296,高速动车
T131,特快
G416,高速动车
Z254,直达特快
G7088,高速动车
Z174,直达特快
G7014,高速动车
C3858,城际动车
G7248,高速动车
G7078,高速动车
K172,快速
K782,快速
T118,特快
C3868,城际动车
G7011,高速动车
G7092,高速动车
K1102,快速
G8273,高速动车
K559,快速
G7016,高速动车
K738,快速
G7051,高速动车
T132,特快
G7276,高速动车
G8267,高速动车
G7050,高速动车
G7013,高速动车
K1158,快速
G7100,高速动车
K374,快速
K560,快速
Z218,直达特快
Z268,直达特快
G441,高速动车
G7018,高速动车
G7229,高速动车
G7800,高速动车
G8270,高速动车
G7053,高速动车
G7082,高速动车
G442,高速动车
D5591,动车组
G7218,高速动车
T116,特快
G7052,高速动车
G7015,高速动车
G7252,高速动车
C3802,城际动车
G8275,高速动车
Z252,直达特快
K190,快速
G7020,高速动车
K372,快速
G7234,高速动车
C3806,城际动车
Z306,直达特快
G8277,高速动车
K1331,快速
Z40,直达特快
G8274,高速动车
C3895,城际动车
G7057,高速动车
G8291,高速动车
K152,快速
G7799,高速动车
G7017,高速动车
G8278,高速动车
G7222,高速动车
G7059,高速动车
G7022,高速动车
C3810,城际动车
C3862,城际动车
G8292,高速动车
G7318,高速动车
G7266,高速动车
G8264,高速动车
G7056,高速动车
G7067,高速动车
G7256,高速动车
K518,快速
C3872,城际动车
G7019,高速动车
G7292,高速动车
Z99,直达特快
G7041,高速动车
G7359,高速动车
G18,高速动车
T110,特快
G7024,高速动车
K2188,快速
G7284,高速动车
Z92,直达特快
G129,高速动车
K188,快速
G7058,高速动车
K1332,快速
G7063,高速动车
Z196,直达特快
1230,普快
G7290,高速动车
G7246,高速动车
Z216,直达特快
G7021,高速动车
G7272,高速动车
C3866,城际动车
G7096,高速动车
Z172,直达特快
G7026,高速动车
G8271,高速动车
G7267,高速动车
G7260,高速动车
C3894,城际动车
G7242,高速动车
D9481,动车组
G7298,高速动车
G7062,高速动车
G7086,高速动车
G7226,高速动车
G7023,高速动车
G7288,高速动车
G7300,高速动车
K8356,快速
G7238,高速动车
G7028,高速动车
G7250,高速动车
Z164,直达特快
G7065,高速动车
K282,快速
G7066,高速动车
1228,普快
D954,动车组
G7064,高速动车
G7286,高速动车
G7025,高速动车
G7070,高速动车
G8261,高速动车
C3818,城际动车
D9507,动车组
G7099,高速动车
G7030,高速动车
G7098,高速动车
Z304,直达特快
G7090,高速动车
G7095,高速动车
G7214,高速动车
D710,动车组
D9488,动车组
G7254,高速动车
G7360,高速动车
G7027,高速动车
G7068,高速动车
C3870,城际动车
G7275,高速动车
G7220,高速动车
K8482,快速
K1048,快速
G7210,高速动车
K1505,快速
G7212,高速动车
G7069,高速动车
K8365,快速
G15,高速动车
D310,动车组
G7094,高速动车
D306,动车组
K8427,快速
G8269,高速动车
G236,高速动车
K8432,快速
G8265,高速动车
K8362,快速
K8366,快速
K1506,快速
K8428,快速
K1372,快速
K1805,快速
K528,快速
K1511,快速
K335,快速
K752,快速
K80,快速
K8354,快速
T135,特快
K288,快速
D3072,动车组
K50,快速
Z245,直达特快
D5401,动车组
K1187,快速
K833,快速
K1091,快速
K751,快速
K1128,快速
T212,特快
D771,动车组
K512,快速
D3022,动车组
T170,特快
K1185,快速
D3060,动车组
D5402,动车组
Z258,直达特快
D5403,动车组
D3068,动车组
K470,快速
D5483,动车组
T78,特快
Z284,直达特快
D5404,动车组
T169,特快
D5405,动车组
T102,特快
K124,快速
T77,特快
T382,特快
K576,快速
T211,特快
K1371,快速
K759,快速
K760,快速
D5407,动车组
K73,快速
K352,快速
K1108,快速
K112,快速
D5484,动车组
T101,特快
K808,快速
T82,特快
D5409,动车组
K123,快速
K254,快速
D5406,动车组
K1107,快速
K575,快速
K1806,快速
K71,快速
D5495,动车组
D5408,动车组
K111,快速
T26,特快
K1374,快速
K253,快速
D5496,动车组
K351,快速
D5411,动车组
D5485,动车组
D5410,动车组
T81,特快
K1512,快速
D5413,动车组
K48,快速
K1373,快速
T381,特快
K496,快速
D5412,动车组
K469,快速
K1127,快速
D5415,动车组
T25,特快
K79,快速
K807,快速
K495,快速
Z257,直达特快
K527,快速
D3074,动车组
K511,快速
Z282,直达特快
D5414,动车组
D5417,动车组
D5416,动车组
K287,快速
K8352,快速
D5486,动车组
Z247,直达特快
K336,快速
D3070,动车组
K1092,快速
D5418,动车组
T136,特快
D772,动车组
K834,快速
G7541,高速动车
D2206,动车组
G1786,高速动车
G456,高速动车
G1321,高速动车
G1970,高速动车
D352,动车组
G1802,高速动车
G7331,高速动车
G7333,高速动车
G9232,高速动车
D636,动车组
G3176,高速动车
G104,高速动车
D916,动车组
D3145,动车组
G3180,高速动车
G1383,高速动车
G3230,高速动车
G1772,高速动车
G7501,高速动车
G1651,高速动车
D937,动车组
C3792,城际动车
D2287,动车组
D942,动车组
G7543,高速动车
G2365,高速动车
G106,高速动车
G1974,高速动车
G1371,高速动车
G7102,高速动车
D701,动车组
G7395,高速动车
G110,高速动车
G2189,高速动车
G1232,高速动车
D3131,动车组
G8312,高速动车
D2212,动车组
D781,动车组
D377,动车组
G598,高速动车
C3752,城际动车
G120,高速动车
G1631,高速动车
G8,高速动车
G85,高速动车
G7556,高速动车
G7503,高速动车
G112,高速动车
G1952,高速动车
G7549,高速动车
G7558,高速动车
G114,高速动车
G1653,高速动车
D3201,动车组
G7101,高速动车
G7552,高速动车
D3090,动车组
G1337,高速动车
G576,高速动车
G7325,高速动车
G676,高速动车
G360,高速动车
G1509,高速动车
G212,高速动车
G7534,高速动车
G1866,高速动车
G7104,高速动车
D2281,动车组
G7129,高速动车
G230,高速动车
G1373,高速动车
C3704,城际动车
G2,高速动车
G7505,高速动车
G7554,高速动车
D2285,动车组
G7492,高速动车
G1236,高速动车
G8316,高速动车
G7349,高速动车
G1806,高速动车
G7313,高速动车
G54,高速动车
D3064,动车组
G1655,高速动车
G1920,高速动车
G7103,高速动车
G7372,高速动车
G1377,高速动车
G7502,高速动车
G116,高速动车
D3205,动车组
G7580,高速动车
G7530,高速动车
G1204,高速动车
D3107,动车组
G7132,高速动车
G7357,高速动车
G3164,高速动车
G7389,高速动车
G1347,高速动车
G126,高速动车
G7382,高速动车
G7344,高速动车
G7434,高速动车
G10,高速动车
G1501,高速动车
G7180,高速动车
G7194,高速动车
G7507,高速动车
G1214,高速动车
G7330,高速动车
G1304,高速动车
G7504,高速动车
G1657,高速动车
D3125,动车组
G7136,高速动车
G7728,高速动车
G7589,高速动车
G1258,高速动车
G7364,高速动车
G122,高速动车
G7532,高速动车
D3135,动车组
G7185,高速动车
C3798,城际动车
G2193,高速动车
C3795,城际动车
G7311,高速动车
G7386,高速动车
G124,高速动车
G7509,高速动车
G7150,高速动车
G7393,高速动车
D5458,动车组
G7461,高速动车
G7766,高速动车
G7107,高速动车
G7572,高速动车
G7787,高速动车
G1252,高速动车
G7599,高速动车
C3706,城际动车
G1375,高速动车
G8329,高速动车
G2661,高速动车
G1690,高速动车
G7316,高速动车
D2283,动车组
G1228,高速动车
G7126,高速动车
G3152,高速动车
G7537,高速动车
G1382,高速动车
G1924,高速动车
G7351,高速动车
G7506,高速动车
G1333,高速动车
G7170,高速动车
G1724,高速动车
G300,高速动车
G7108,高速动车
D3324,动车组
G7586,高速动车
G2664,高速动车
G7332,高速动车
G7794,高速动车
G1722,高速动车
G1673,高速动车
G1956,高速动车
G8314,高速动车
G7109,高速动车
G7369,高速动车
G7594,高速动车
G370,高速动车
G7511,高速动车
G1763,高速动车
G1342,高速动车
D3291,动车组
G7576,高速动车
G132,高速动车
G1384,高速动车
G1387,高速动车
G460,高速动车
G7304,高速动车
D5464,动车组
G7161,高速动车
G7446,高速动车
G1633,高速动车
G7508,高速动车
G412,高速动车
G7335,高速动车
G7111,高速动车
G7181,高速动车
G1810,高速动车
G1632,高速动车
G8311,高速动车
G7306,高速动车
G101,高速动车
G1369,高速动车
G7162,高速动车
G7324,高速动车
G7378,高速动车
G7110,高速动车
G7193,高速动车
G7113,高速动车
G1928,高速动车
G8318,高速动车
G1659,高速动车
G134,高速动车
G1801,高速动车
G1386,高速动车
G1716,高速动车
G7598,高速动车
G105,高速动车
G7164,高速动车
G7540,高速动车
G1389,高速动车
G7182,高速动车
G143,高速动车
G7112,高速动车
G7323,高速动车
G1738,高速动车
D3016,动车组
G1346,高速动车
D3141,动车组
G1715,高速动车
G7178,高速动车
G3252,高速动车
G7510,高速动车
G1,高速动车
G9231,高速动车
G138,高速动车
G7301,高速动车
G7148,高速动车
G140,高速动车
G7559,高速动车
G1634,高速动车
C3791,城际动车
G1329,高速动车
G1348,高速动车
G1914,高速动车
G7176,高速动车
G1932,高速动车
D382,动车组
G107,高速动车
G1355,高速动车
G1808,高速动车
G1720,高速动车
D3012,动车组
D3006,动车组
G7539,高速动车
G224,高速动车
G4,高速动车
G7515,高速动车
G7348,高速动车
G1581,高速动车
G7315,高速动车
G1812,高速动车
G7114,高速动车
G142,高速动车
G99,高速动车
D3102,动车组
G1814,高速动车
G7320,高速动车
G7578,高速动车
G226,高速动车
C3720,城际动车
G111,高速动车
G9234,高速动车
G7347,高速动车
G7,高速动车
G1818,高速动车
G7134,高速动车
G7390,高速动车
G1652,高速动车
G113,高速动车
G1635,高速动车
G7280,高速动车
G1778,高速动车
G7512,高速动车
G7583,高速动车
D3010,动车组
G211,高速动车
D381,动车组
G362,高速动车
G86,高速动车
C3714,城际动车
G146,高速动车
G41,高速动车
C3724,城际动车
G1350,高速动车
G7140,高速动车
G7517,高速动车
G115,高速动车
G14,高速动车
D3101,动车组
G214,高速动车
G1770,高速动车
G1357,高速动车
G7334,高速动车
C3772,城际动车
G7186,高速动车
G1637,高速动车
D3008,动车组
G7542,高速动车
G1776,高速动车
G7514,高速动车
G148,高速动车
G1813,高速动车
G7172,高速动车
D3104,动车组
G1305,高速动车
G1730,高速动车
G7127,高速动车
G1736,高速动车
D5462,动车组
G7337,高速动车
G7546,高速动车
G1359,高速动车
G117,高速动车
C3728,城际动车
G1822,高速动车
G7322,高速动车
G7168,高速动车
G7308,高速动车
G2811,高速动车
G7545,高速动车
G7152,高速动车
G119,高速动车
G170,高速动车
G7519,高速动车
D3103,动车组
G1768,高速动车
D3044,动车组
D3143,动车组
G7198,高速动车
G150,高速动车
D3014,动车组
G7365,高速动车
G1352,高速动车
G232,高速动车
G7516,高速动车
G1936,高速动车
G7571,高速动车
G213,高速动车
G7321,高速动车
G152,高速动车
G7138,高速动车
G7303,高速动车
G7592,高速动车
G121,高速动车
G7560,高速动车
G2812,高速动车
D5562,动车组
G7326,高速动车
G1583,高速动车
G234,高速动车
C3774,城际动车
G7376,高速动车
G9,高速动车
G1370,高速动车
G1361,高速动车
G216,高速动车
G7521,高速动车
G7117,高速动车
G7196,高速动车
G1918,高速动车
D3042,动车组
G123,高速动车
G1728,高速动车
G7533,高速动车
G1636,高速动车
D5456,动车组
G125,高速动车
G7353,高速动车
G1385,高速动车
G16,高速动车
G1354,高速动车
G7579,高速动车
G7144,高速动车
G1940,高速动车
G7174,高速动车
G1363,高速动车
G7118,高速动车
G3154,高速动车
G154,高速动车
G7585,高速动车
G462,高速动车
G156,高速动车
G127,高速动车
G1638,高速动车
G7142,高速动车
G1639,高速动车
G44,高速动车
G411,高速动车
G7518,高速动车
G7305,高速动车
D3048,动车组
G7130,高速动车
G7388,高速动车
G3254,高速动车
G158,高速动车
G1390,高速动车
C3751,城际动车
G1365,高速动车
G1922,高速动车
G1455,高速动车
G1958,高速动车
G8313,高速动车
D3137,动车组
G160,高速动车
G2666,高速动车
G7146,高速动车
D3046,动车组
G7336,高速动车
G7367,高速动车
G7525,高速动车
G7726,高速动车
G7192,高速动车
G1674,高速动车
G7307,高速动车
G678,高速动车
G298,高速动车
G7120,高速动车
G7631,高速动车
C3778,城际动车
G1820,高速动车
G7374,高速动车
G8330,高速动车
G1826,高速动车
G131,高速动车
G7391,高速动车
G2662,高速动车
G1322,高速动车
G7788,高速动车
G7119,高速动车
G7156,高速动车
G1395,高速动车
G3,高速动车
G7792,高速动车
G7520,高速动车
G7339,高速动车
D3293,动车组
C3718,城际动车
G133,高速动车
G1689,高速动车
G1764,高速动车
G600,高速动车
D3126,动车组
G7343,高速动车
G7590,高速动车
G1226,高速动车
G7310,高速动车
G1821,高速动车
C3796,城际动车
G7121,高速动车
G135,高速动车
G22,高速动车
G7535,高速动车
C3732,城际动车
G1362,高速动车
G7122,高速动车
G1510,高速动车
D3323,动车组
G1828,高速动车
G7312,高速动车
G7381,高速动车
G7561,高速动车
G137,高速动车
G2195,高速动车
G368,高速动车
D2214,动车组
G1868,高速动车
G7584,高速动车
G100,高速动车
G11,高速动车
G1378,高速动车
G7557,高速动车
G7550,高速动车
G1774,高速动车
G7494,高速动车
C3736,城际动车
G7124,高速动车
G1926,高速动车
G7551,高速动车
G1388,高速动车
C3722,城际动车
G1372,高速动车
G7190,高速动车
G7432,高速动车
G7522,高速动车
D941,动车组
G1251,高速动车
D378,动车组
D931,动车组
G7633,高速动车
D935,动车组
D918,动车组
G141,高速动车
G1726,高速动车
G7596,高速动车
G3166,高速动车
G1212,高速动车
G7527,高速动车
G8315,高速动车
G7524,高速动车
G215,高速动车
G1654,高速动车
C3730,城际动车
G145,高速动车
D3133,动车组
G7529,高速动车
G1656,高速动车
D5468,动车组
D2284,动车组
G7314,高速动车
G578,高速动车
G7383,高速动车
D3206,动车组
G7279,高速动车
G1335,高速动车
G1202,高速动车
D3066,动车组
G228,高速动车
G7555,高速动车
D5466,动车组
G7366,高速动车
G7553,高速动车
G7768,高速动车
G1502,高速动车
G8317,高速动车
D706,动车组
G7397,高速动车
D2282,动车组
G1972,高速动车
G7338,高速动车
G7355,高速动车
G13,高速动车
G1954,高速动车
G7125,高速动车
G1328,高速动车
G7350,高速动车
G1938,高速动车
D3202,动车组
D782,动车组
D3024,动车组
G1302,高速动车
G1374,高速动车
G7445,高速动车
G155,高速动车
D3147,动车组
G7340,高速动车
D3062,动车组
G53,高速动车
D3092,动车组
D2286,动车组
D638,动车组
G1234,高速动车
G1394,高速动车
D354,动车组
G2191,高速动车
G458,高速动车
G1976,高速动车
D3108,动车组
G3178,高速动车
G1230,高速动车
G7528,高速动车
G169,高速动车
D2288,动车组
G9233,高速动车
G3232,高速动车
G3182,高速动车
G1640,高速动车
G1658,高速动车
G1256,高速动车
G2366,高速动车
G1376,高速动车
G1339,高速动车
G151,高速动车
G7462,高速动车
G7163,高速动车
G153,高速动车
G1306,高速动车
D2208,动车组
G17,高速动车
G7536,高速动车
G1942,高速动车
G1660,高速动车
G157,高速动车
G1788,高速动车
K212,快速
K1669,快速
K1585,快速
K326,快速
K942,快速
G1672,高速动车
G302,高速动车
K210,快速
G1460,高速动车
G1274,高速动车
G1492,高速动车
G2185,高速动车
G1421,高速动车
G1403,高速动车
G1496,高速动车
Z288,直达特快
G1416,高速动车
G1456,高速动车
G3184,高速动车
G1667,高速动车
G2035,高速动车
G322,高速动车
G1611,高速动车
G1505,高速动车
G242,高速动车
G1669,高速动车
G28,高速动车
G1379,高速动车
G330,高速动车
G2318,高速动车
G1661,高速动车
G1619,高速动车
G1984,高速动车
G1601,高速动车
G1676,高速动车
G2343,高速动车
G324,高速动车
G1665,高速动车
G1434,高速动车
G1603,高速动车
G2348,高速动车
G868,高速动车
G345,高速动车
G2302,高速动车
G1332,高速动车
G860,高速动车
G1905,高速动车
G3141,高速动车
G61,高速动车
G1391,高速动车
G1462,高速动车
G2364,高速动车
G304,高速动车
G2363,高速动车
G1451,高速动车
K944,快速
G636,高速动车
G1484,高速动车
G356,高速动车
G1991,高速动车
G1666,高速动车
G1992,高速动车
G2335,高速动车
G2301,高速动车
K1078,快速
G2334,高速动车
G62,高速动车
G1620,高速动车
G2305,高速动车
G27,高速动车
G870,高速动车
G1602,高速动车
G1493,高速动车
G2314,高速动车
G355,高速动车
G348,高速动车
G2036,高速动车
G1663,高速动车
G1906,高速动车
G2316,高速动车
G244,高速动车
G1380,高速动车
G1675,高速动车
G635,高速动车
G2336,高速动车
G1495,高速动车
G329,高速动车
G2344,高速动车
G33,高速动车
G323,高速动车
G1461,高速动车
K848,快速
G1604,高速动车
G301,高速动车
G1392,高速动车
G1418,高速动车
G1670,高速动车
G1983,高速动车
G1612,高速动车
G1504,高速动车
K846,快速
G325,高速动车
G1668,高速动车
G1272,高速动车
G2386,高速动车
G1677,高速动车
G1432,高速动车
G2187,高速动车
G1506,高速动车
G303,高速动车
G862,高速动车
G3142,高速动车
G1458,高速动车
K1077,快速
G1422,高速动车
K1586,快速
G2357,高速动车
G3186,高速动车
G1404,高速动车
K2665,快速
K2666,快速
G7341,高速动车
G2312,高速动车
K554,快速
K346,快速
G7650,高速动车
G2306,高速动车
D3211,动车组
K2906,快速
G7346,高速动车
K1240,快速
K306,快速
G7625,高速动车
G7641,高速动车
G7616,高速动车
G7643,高速动车
G7475,高速动车
G7467,高速动车
D3236,动车组
G164,高速动车
K1052,快速
G7627,高速动车
G2358,高速动车
G7477,高速动车
G7478,高速动车
G7762,高速动车
G7619,高速动车
K102,快速
G7468,高速动车
G7345,高速动车
G1965,高速动车
G1734,高速动车
K552,快速
G7760,高速动车
G7652,高速动车
G7464,高速动车
G7621,高速动车
G1966,高速动车
G7498,高速动车
G7626,高速动车
K1396,快速
G1732,高速动车
K1238,快速
G7642,高速动车
G7620,高速动车
D3235,动车组
G7465,高速动车
G163,高速动车
K328,快速
G7496,高速动车
G7473,高速动车
G7463,高速动车
G7630,高速动车
K1670,快速
G7628,高速动车
G7618,高速动车
K348,快速
G7466,高速动车
K308,快速
G7649,高速动车
D3212,动车组
G7629,高速动车
G7342,高速动车
K596,快速
K594,快速
K1538,快速
K1352,快速
K302,快速
K94,快速
K34,快速
K70,快速
K36,快速
K1220,快速
K1191,快速
K1328,快速
K136,快速
K677,快速
K92,快速
K614,快速
K1192,快速
D3398,动车组
G2382,高速动车
K876,快速
G2389,高速动车
K424,快速
K878,快速
G2390,高速动车
K612,快速
K422,快速
K492,快速
K675,快速
D3397,动车组
G2381,高速动车
K1218,快速
K138,快速
K1326,快速
K491,快速
K1198,快速
K1196,快速
K468,快速
K1160,快速
K1152,快速
K168,快速
K1040,快速
K1154,快速
K466,快速
K1162,快速
K655,快速
K166,快速
K656,快速
K390,快速
K1042,快速
K392,快速
T238,特快
T236,特快
G1793,高速动车
G2688,高速动车
G2690,高速动车
G1794,高速动车
K101,快速
T244,特快
K1986,快速
K68,快速
Z178,直达特快
K1984,快速
T242,特快
Z176,直达特快
Z290,直达特快
K420,快速
T112,特快
T114,特快
K419,快速
G2686,高速动车
G1904,高速动车
G4298,高速动车
G1876,高速动车
G1874,高速动车
G1902,高速动车
G4296,高速动车
G2684,高速动车
G1836,高速动车
G2680,高速动车
G2682,高速动车
D2272,动车组
D2373,动车组
D2254,动车组
D2222,动车组
D656,动车组
D2262,动车组
D2268,动车组
D2271,动车组
K646,快速
T36,特快
Z157,直达特快
D718,动车组
Z52,直达特快
Z140,直达特快
Z227,直达特快
K1614,快速
T217,特快
K645,快速
K1613,快速
Z139,直达特快
Z51,直达特快
D717,动车组
T215,特快
T35,特快
Z158,直达特快
Z225,直达特快
G261,高速动车
G57,高速动车
G481,高速动车
G265,高速动车
G19,高速动车
G55,高速动车
G165,高速动车
G263,高速动车
G31,高速动车
G262,高速动车
G204,高速动车
G20,高速动车
G167,高速动车
G1570,高速动车
G23,高速动车
G34,高速动车
G419,高速动车
G59,高速动车
G266,高速动车
G43,高速动车
G352,高速动车
G58,高速动车
G36,高速动车
G35,高速动车
G161,高速动车
G45,高速动车
G24,高速动车
G46,高速动车
G37,高速动车
G42,高速动车
G273,高速动车
G162,高速动车
G274,高速动车
G420,高速动车
G267,高速动车
G32,高速动车
G1569,高速动车
G38,高速动车
G168,高速动车
G203,高速动车
G56,高速动车
G39,高速动车
G269,高速动车
G166,高速动车
G270,高速动车
G60,高速动车
G482,高速动车
G272,高速动车
G40,高速动车
G30,高速动车
K1072,快速
K1071,快速
1150,普快
G3198,高速动车
G2678,高速动车
G1896,高速动车
G3162,高速动车
G3168,高速动车
G1886,高速动车
G1884,高速动车
G1882,高速动车
G1880,高速动车
G1894,高速动车
G2677,高速动车
K1149,快速
T151,特快
Z88,直达特快
D5436,动车组
T7772,特快
C3782,城际动车
D5424,动车组
C3762,城际动车
C3786,城际动车
C3768,城际动车
D5422,动车组
C3666,城际动车
T7775,特快
Z368,直达特快
C3659,城际动车
C3693,城际动车
C3665,城际动车
C3657,城际动车
D5428,动车组
C3678,城际动车
K1150,快速
T7782,特快
C3673,城际动车
C3651,城际动车
D5434,动车组
C3766,城际动车
D5440,动车组
C3764,城际动车
Z366,直达特快
C3661,城际动车
C3670,城际动车
D5426,动车组
D5432,动车组
C3669,城际动车
C3695,城际动车
T7771,特快
C3788,城际动车
T7776,特快
C3784,城际动车
D5430,动车组
C3671,城际动车
Z86,直达特快
T152,特快
T7781,特快
D5438,动车组
D3239,动车组
D5641,动车组
G1113,高速动车
C3883,城际动车
D3295,动车组
G7612,高速动车
G7711,高速动车
G7665,高速动车
C3887,城际动车
G7422,高速动车
D5648,动车组
G254,高速动车
G1503,高速动车
G1862,高速动车
D5642,动车组
G7611,高速动车
G1545,高速动车
G7581,高速动车
G1539,高速动车
G7423,高速动车
D5601,动车组
G3110,高速动车
G2668,高速动车
G7458,高速动车
G579,高速动车
D2198,动车组
G7605,高速动车
G594,高速动车
G1224,高速动车
G7681,高速动车
D9511,动车组
G7698,高速动车
C3837,城际动车
G343,高速动车
G7755,高速动车
D2293,动车组
G590,高速动车
G7712,高速动车
G7452,高速动车
G51,高速动车
D5602,动车组
G7713,高速动车
G3105,高速动车
G1481,高速动车
G1892,高速动车
G7674,高速动车
D5603,动车组
G7453,高速动车
G4579,高速动车
D9512,动车组
G284,高速动车
G7796,高速动车
G7669,高速动车
D9513,动车组
D2190,动车组
G7568,高速动车
G1900,高速动车
D5604,动车组
G7604,高速动车
G7567,高速动车
G7486,高速动车
G2807,高速动车
D5605,动车组
G3101,高速动车
D2194,动车组
D9514,动车组
G7756,高速动车
G1872,高速动车
G3103,高速动车
D9515,动车组
G7678,高速动车
C3835,城际动车
G7676,高速动车
G2815,高速动车
G7714,高速动车
G7662,高速动车
D3084,动车组
G7715,高速动车
C3833,城际动车
G7751,高速动车
G445,高速动车
G592,高速动车
G2808,高速动车
G1870,高速动车
D2196,动车组
G282,高速动车
G7454,高速动车
G7488,高速动车
D9516,动车组
D3083,动车组
G1222,高速动车
G52,高速动车
D5606,动车组
G7451,高速动车
D9517,动车组
D5607,动车组
G7680,高速动车
C3839,城际动车
G596,高速动车
D2188,动车组
G7690,高速动车
G7795,高速动车
G7664,高速动车
C3841,城际动车
G3106,高速动车
G7613,高速动车
G7686,高速动车
G1898,高速动车
D5622,动车组
D2192,动车组
D5608,动车组
G2816,高速动车
G7716,高速动车
D9518,动车组
C3885,城际动车
G1890,高速动车
D5609,动车组
D3297,动车组
G1546,高速动车
G7717,高速动车
G446,高速动车
G7456,高速动车
D5644,动车组
D9519,动车组
G7696,高速动车
G2670,高速动车
G7644,高速动车
G7752,高速动车
G344,高速动车
G1864,高速动车
G7682,高速动车
D2294,动车组
D5610,动车组
D5639,动车组
G7610,高速动车
G3109,高速动车
G580,高速动车
D9520,动车组
G7582,高速动车
D2256,动车组
G1540,高速动车
C3831,城际动车
G7718,高速动车
G7666,高速动车
D5647,动车组
D5640,动车组
D2374,动车组
G1888,高速动车
G1128,高速动车
G4580,高速动车
D3240,动车组
K304,快速
D3303,动车组
G2332,高速动车
G1331,高速动车
G2346,高速动车
D3301,动车组
K1144,快速
D3152,动车组
K1142,快速
K8600,快速
K566,快速
K564,快速
K60,快速
D3158,动车组
D3156,动车组
K62,快速
K8599,快速
D2270,动车组
D3154,动车组
G3222,高速动车
G3221,高速动车
K891,快速
K892,快速
D3234,动车组
D3218,动车组
D3233,动车组
D3167,动车组
D3219,动车组
D3111,动车组
G2385,高速动车
D3112,动车组
D3220,动车组
D3217,动车组
T328,特快
K8564,快速
K8500,快速
K1263,快速
K1438,快速
K608,快速
K2275,快速
G1741,高速动车
K8422,快速
K8360,快速
G7412,高速动车
K8412,快速
K8527,快速
K8598,快速
G1746,高速动车
K1398,快速
K1050,快速
K8418,快速
G1748,高速动车
K2908,快速
K8409,快速
K8414,快速
K8586,快速
K8596,快速
K8525,快速
G1747,高速动车
G1742,高速动车
K1264,快速
K606,快速
G1745,高速动车
G7410,高速动车
K8597,快速
K8421,快速
K2276,快速
K8499,快速
T326,特快
K1440,快速
K8563,快速
G246,高速动车
G7771,高速动车
G7773,高速动车
G1878,高速动车
G7732,高速动车
G9501,高速动车
G7702,高速动车
G8331,高速动车
G7645,高速动车
G7693,高速动车
G7772,高速动车
G7775,高速动车
G7414,高速动车
G7722,高速动车
G2806,高速动车
G7721,高速动车
G1961,高速动车
G7746,高速动车
G3121,高速动车
G1438,高速动车
G7425,高速动车
G7459,高速动车
G7724,高速动车
G7774,高速动车
G8333,高速动车
G3122,高速动车
G584,高速动车
G7777,高速动车
G2397,高速动车
G7731,高速动车
G8332,高速动车
G7428,高速动车
G7415,高速动车
G3117,高速动车
G8335,高速动车
G3116,高速动车
G1964,高速动车
G7701,高速动车
G3158,高速动车
G7706,高速动车
G7776,高速动车
G7564,高速动车
G7435,高速动车
G7779,高速动车
G1792,高速动车
G7670,高速动车
G7723,高速动车
G8334,高速动车
G1182,高速动车
G7417,高速动车
G8337,高速动车
G7440,高速动车
G7439,高速动车
G7742,高速动车
G1184,高速动车
G7778,高速动车
G7442,高速动车
G7781,高速动车
G8336,高速动车
G7416,高速动车
G7688,高速动车
G7419,高速动车
G3160,高速动车
G7436,高速动车
G8339,高速动车
D658,动车组
G7705,高速动车
G3118,高速动车
G7708,高速动车
G7437,高速动车
G3114,高速动车
G3156,高速动车
G7780,高速动车
G1790,高速动车
G1963,高速动车
G1962,高速动车
G2395,高速动车
G7741,高速动车
G7424,高速动车
G7783,高速动车
G8338,高速动车
G3196,高速动车
G7460,高速动车
G3123,高速动车
G7441,高速动车
G1436,高速动车
G7707,高速动车
G3124,高速动车
G582,高速动车
G248,高速动车
G7430,高速动车
G8340,高速动车
G7782,高速动车
G7743,高速动车
G7438,高速动车
G2805,高速动车
D2264,动车组
G7646,高速动车
G7785,高速动车
G7426,高速动车
G7747,高速动车
G3170,高速动车
G7744,高速动车
G7784,高速动车
G9502,高速动车
G7786,高速动车
G7538,高速动车
1148,普快
K1598,快速
G1852,高速动车
1552,普快
K1596,快速
K245,快速
G2630,高速动车
G2632,高速动车
1551,普快
G7659,高速动车
Z31,直达特快
G7482,高速动车
G7402,高速动车
D4653,动车组
D4651,动车组
D3169,动车组
G7484,高速动车
G7408,高速动车
G7404,高速动车
G7406,高速动车
K246,快速
G1838,高速动车
K1624,快速
K8399,快速
K8380,快速
K8373,快速
K8379,快速
K8395,快速
K1626,快速
K1068,快速
K1066,快速
D5681,动车组
D5667,动车组
D5691,动车组
D5669,动车组
D5668,动车组
D5671,动车组
D5670,动车组
D5683,动车组
D5673,动车组
D5685,动车组
G2641,高速动车
D5672,动车组
D5675,动车组
D5674,动车组
D5677,动车组
D5676,动车组
D5679,动车组
G2642,高速动车
D5687,动车组
D5689,动车组
D5678,动车组
G1851,高速动车
D5680,动车组
G2059,高速动车
G2060,高速动车
Z45,直达特快
D5491,动车组
T7786,特快
T7785,特快
D5492,动车组
Z47,直达特快
G7361,高速动车
D5586,动车组
D5590,动车组
D5577,动车组
D5578,动车组
D5581,动车组
D5582,动车组
D5579,动车组
D5585,动车组
D5580,动车组
D5589,动车组
